id,linea,subcategoria,producto,marca,presentacion,precio_mxn,unidad_del_precio,vigencia_del_precio,disponibilidad,foto,nota,fuente
C01,Construcción,Herramienta manual,Desarmadores,,,,,,,,Hay algunos Stanley («uno que otro»); la marca de los demás está por confirmar,"Lista del negocio, 6-oct-2026"
C02,Construcción,Herramienta manual,Picos,,,,,,,,Marca por confirmar (¿Truper?),"Lista del negocio, 6-oct-2026"
C03,Construcción,Herramienta manual,Palas,,,,,,,,Marca por confirmar (¿Truper?),"Lista del negocio, 6-oct-2026"
C04,Construcción,Herramienta manual,Cajas de herramienta,Stanley,,,,,,,,"Lista del negocio, 6-oct-2026"
C05,Construcción,Corte y afilado,Discos de corte,,,,,,,,Tipos y medidas por detallar,"Lista del negocio, 6-oct-2026"
C06,Construcción,Corte y afilado,Afiladores de motosierra,,,,,,,,,"Lista del negocio, 6-oct-2026"
C07,Construcción,Selladores,Selladores en tubo,,,,,,,,«Varias cosas»: tipos por detallar,"Lista del negocio, 6-oct-2026"
L01,Limpieza,Papel y desechables,Papel higiénico (paquete de rollos),,paquete de rollos,,,,,,,"Lista del negocio, 6-oct-2026"
L02,Limpieza,Papel y desechables,Toalla en rollo,,,,,,,,,"Lista del negocio, 6-oct-2026"
L03,Limpieza,Papel y desechables,Kleenex,Kleenex,,,,,,,Tipo de presentación por detallar,"Lista del negocio, 6-oct-2026"
L04,Limpieza,Cloro y aromas,Cloro Cloralex,Cloralex,750,,,,,,Unidad de «750» por confirmar,"Lista del negocio, 6-oct-2026"
L05,Limpieza,Cloro y aromas,Cloro,,10 litros,,,,,,Marca por confirmar («de marca»),"Lista del negocio, 6-oct-2026"
L06,Limpieza,Cloro y aromas,Fabuloso,Fabuloso,,,,,,,Presentación por detallar,"Lista del negocio, 6-oct-2026"
L07,Limpieza,Cloro y aromas,Fabuloso,Fabuloso,10 litros,,,,,,,"Lista del negocio, 6-oct-2026"
L08,Limpieza,Cloro y aromas,Suavitel,Suavitel,,,,,,,Presentación por detallar,"Lista del negocio, 6-oct-2026"
L09,Limpieza,Cloro y aromas,Aromatizante,,,,,,,,Tipo y marca por detallar,"Lista del negocio, 6-oct-2026"
L10,Limpieza,Jabones,Jabón en barra,,,,,,,,,"Lista del negocio, 6-oct-2026"
L11,Limpieza,Jabones,Jabón para manos,,,,,,,,,"Lista del negocio, 6-oct-2026"
L12,Limpieza,Utensilios de limpieza,Fibras verdes,,,,,,,,,"Lista del negocio, 6-oct-2026"
L13,Limpieza,Utensilios de limpieza,Estropajos,,,,,,,,,"Lista del negocio, 6-oct-2026"
L14,Limpieza,Utensilios de limpieza,Toallitas azules,,,,,,,,,"Lista del negocio, 6-oct-2026"
L15,Limpieza,Utensilios de limpieza,Escobas,,,,,,,,,"Lista del negocio, 6-oct-2026"
L16,Limpieza,Utensilios de limpieza,Trapeadores,,,,,,,,,"Lista del negocio, 6-oct-2026"
L17,Limpieza,Insecticidas,Raid casa y jardín,Raid,,,,,,,,"Lista del negocio, 6-oct-2026"
