id,captura,unidad_original,texto_original,nombre_en_el_sitio
C101,1,PIEZA,INTERRUPTOR TERMOMAGNETICO QO110,Interruptor termomagnético QO110
C102,1,PIEZA,INTERRUPTOR TERMOMAGNETICO QO120,Interruptor termomagnético QO120
C103,1,PIEZA,CENTRO DE CARGA QOD-2F,Centro de carga QOD-2F
C104,1,PIEZA,CENTRO DE CARGA QOD-1F,Centro de carga QOD-1F
C105,1,PIEZA,"PIEDRA PARA AFILAR GRANO 120, TRUPER","Piedra para afilar grano 120, Truper"
C106,1,PIEZA,CENTRO DE CARGA QOD 3F,Centro de carga QOD 3F
C107,1,PIEZA,"MACHETE ESTANDAR 24"", CACHA NEGRA","Machete estándar 24"", cacha negra"
C108,1,PIEZA,"MACHETE CAGUAYANO 27"" CACHA NEGRA INYECTADA TRUPER","Machete caguayano 27"" cacha negra inyectada Truper"
C109,1,PIEZA,"LLANTA REFORZADA 16"" P/ CARRETILLA SIN RIN","Llanta reforzada 16"" para carretilla sin rin"
C110,1,PIEZA,"CAMARA P/ LLANTA DE CARRETILLA 16"" TRUPER","Cámara para llanta de carretilla 16"" Truper"
C111,1,PIEZA,"TALACHO-PICO, MANGO DE MADERA 14"", TRUPER","Talacho-pico, mango de madera 14"", Truper"
C112,1,PIEZA,INTERRUPTOR TERMOMAGNETICO QO115,Interruptor termomagnético QO115
C113,1,LITRO,THINNER DE PRIMERA,Thinner de primera
C114,1,PIEZA,"PERA SAPO DE 2"" FLEXIMATIC","Pera sapo de 2"" Fleximatic"
C115,1,PIEZA,"PERA SAPO DE 3"" FLEXIMATIC","Pera sapo de 3"" Fleximatic"
C116,2,PIEZA,"FLEXOMETRO AUTO LOCK 5 M, CINTA 3/4"" TRUPER","Flexómetro auto lock 5 m, cinta 3/4"" Truper"
C117,2,PIEZA,SILICON BLANCO BAÑOS Y COCINAS 85 GR TRUPER,Silicón blanco baños y cocinas 85 g Truper
C118,2,KILOGR,"CLAVO NORMAL 1 1/2""","Clavo normal 1 1/2"""
C119,2,PIEZA,HOJA DE SEGUETA BI METALICA DIENTE FINO HECORT,Hoja de segueta bimetálica diente fino Hecort
C120,2,PIEZA,"GUANTES PARA SOLDADOR, ROJOS, TRUPER","Guantes para soldador, rojos, Truper"
C121,2,PIEZA,"BROCHA PROFESIONAL DE 3"" TRUPER","Brocha profesional de 3"" Truper"
C122,2,PIEZA,MULTICONECTOR P/TINACO ROTOPLAS,Multiconector para tinaco Rotoplas
C123,2,PIEZA,"CERRADURA HERMEX, INTALA-FACIL, IZQ","Cerradura Hermex, Instala-fácil, izquierda"
C124,2,PIEZA,"CERRADURA HERMEX, INTALA-FACIL, DER","Cerradura Hermex, Instala-fácil, derecha"
C125,2,PIEZA,GUANTES NITRILO MEDIANO PRETUL,Guantes nitrilo mediano Pretul
C126,2,PIEZA,GUANTES NITRILO GRANDE PRETUL,Guantes nitrilo grande Pretul
C127,2,PIEZA,"LLAVE NARIZ DE LATON 1/2"", FOSET","Llave nariz de latón 1/2"", Foset"
C128,2,METRO,"MANGUERA DE NIVEL 1/4""","Manguera de nivel 1/4"""
C129,2,PIEZA,ATOMIZADOR DE 1/2 LTS,Atomizador de 1/2 L
C130,2,PIEZA,"CINTA TEFLON 1/2"" MCA TRUPER 7 M","Cinta teflón 1/2"" Truper 7 m"
C131,2,PIEZA,"CINTA TEFLON 1/2"" MCA TRUPER 7 M INDUSTRIAL","Cinta teflón 1/2"" Truper 7 m industrial"
C132,2,PIEZA,"CUCHARA T / GUADALAJARA 9""","Cuchara T / Guadalajara 9"""
C133,2,PIEZA,CAJON MEZCLADOR REFORZADO GRANDE,Cajón mezclador reforzado grande
C134,2,PIEZA,"BROCHA DE 2"" TRUPER","Brocha de 2"" Truper"
C135,2,PIEZA,"BROCHA DE 5"" TRUPER","Brocha de 5"" Truper"
C136,2,PIEZA,"GUANTE DE POLIESTER CON LATEX, MEDIANOS, TRUPER","Guante de poliéster con látex, medianos, Truper"
C137,2,PIEZA,SILICON RTV OXIME ZOMS NEGRO DE 70GR,Silicón RTV oxime Zoms negro de 70 g
C138,2,PIEZA,SILICON RTV OXIME ZOMS GRIS DE 70GR,Silicón RTV oxime Zoms gris de 70 g
C139,2,PIEZA,GRAPA P/CABLE POT 10MM CURVA,Grapa para cable pot 10 mm curva
C140,2,PIEZA,GRAPA P/CABLE 8MM CURVA,Grapa para cable 8 mm curva
C141,2,PIEZA,GRAPA P/CABLE POT 6 MM PLANA,Grapa para cable pot 6 mm plana
C142,2,PIEZA,"RODILLO PARA PINTAR 9"" X 1 1/4"" EXTRARUGOSO TRUPER","Rodillo para pintar 9"" x 1 1/4"" extrarugoso Truper"
C143,2,PIEZA,"RASPADOR DE ACERO INCOXIDABLE CON CUCHILLAS DE 1 1/2"" TRUPER","Raspador de acero inoxidable con cuchillas de 1 1/2"" Truper"
C144,2,PIEZA,"CINCHO DE PLASTICO, 20 CM, 40 LBS COLOR NEGRO","Cincho de plástico, 20 cm, 40 lb color negro"
C145,2,PIEZA,"CINCHO DE PLASTICO, 30 CM, 50 LBS COLOR NEGRO","Cincho de plástico, 30 cm, 50 lb color negro"
C146,2,PIEZA,"CINCHO DE PLASTICO, 40CM, 50 LBS COLOR NEGRO","Cincho de plástico, 40 cm, 50 lb color negro"
C147,2,PIEZA,"DISCO DE CORTE PRECISO DE METAL DE 4 1/2"" X 1 MM","Disco de corte preciso de metal de 4 1/2"" x 1 mm"
C148,2,PIEZA,"DISCO DE DIAMANTE DE 4 1/2"" X 1.6MM, RIN CONTINUO, TRUPER","Disco de diamante de 4 1/2"" x 1.6 mm, rin continuo, Truper"
C149,2,PIEZA,"DISCO DE DIAMANTE 4 1/2"", CORTE DE PISOS, TRUPER","Disco de diamante 4 1/2"", corte de pisos, Truper"
C150,2,PIEZA,"DISCO D DIAMANTE P/USO GRAL RIN SEGMENTADO DRAGON CUT 41/2""","Disco de diamante para uso general rin segmentado Dragon Cut 4 1/2"""
C151,2,PIEZA,"DESARMADOR DE CRUZ DE 1/4"" X 4"", COMFORT GRIP","Desarmador de cruz de 1/4"" x 4"", Comfort Grip"
C152,2,PIEZA,"DESARMADOR PLANO DE 1/4"" X 4"" MANGO COMFORT GRIP, TRUPER","Desarmador plano de 1/4"" x 4"" mango Comfort Grip, Truper"
C153,2,PIEZA,"BROCHA DE 6"" TRUPER","Brocha de 6"" Truper"
C154,2,PIEZA,FLEXOMETRO LION TOOLS 3M 0222,Flexómetro Lion Tools 3 m 0222
C155,2,PIEZA,SOLDA COBRE DEVCON,Solda cobre Devcon
C156,2,PIEZA,NIVEL DE GOTA PROFESIONAL CON CUERPO DE ALUMINIO TRUPER,Nivel de gota profesional con cuerpo de aluminio Truper
C157,2,PIEZA,"NIVEL TORPEDO MAGNETICO 9"" TRUPER","Nivel torpedo magnético 9"" Truper"
C158,2,KILOGR,ALAMBRE RECOCIDO,Alambre recocido
C159,2,PIEZA,"JUEGO DE DESARMADORES DE PRECISION 6PZ, TRUPER","Juego de desarmadores de precisión 6 pzas, Truper"
C160,3,PIEZA,"PIJA BROCA 8 X 1/2""","Pija broca 8 x 1/2"""
C161,3,PIEZA,"PIJA BROCA 8 X 3/4""","Pija broca 8 x 3/4"""
C162,3,PIEZA,"LLAVE AJUSTABLE 10"" 87-047 - 84-110","Llave ajustable 10"" 87-047 - 84-110"
C163,3,PIEZA,"LLAVE AJUSTABLE 8"" STANLEY 87-046","Llave ajustable 8"" Stanley 87-046"
C164,3,PIEZA,"PINZA D/PRESION 7"",MORDAZA CURVA TRUPER","Pinza de presión 7"", mordaza curva Truper"
C165,3,PIEZA,"PINZA DE PRESION 10"" MORDAZA CURVA, MCA TRUPER","Pinza de presión 10"" mordaza curva, Truper"
C166,3,PIEZA,"LLAVE PARA TUBO STILSON 10""","Llave para tubo Stilson 10"""
C167,3,PIEZA,"LLAVE PARA TUBO, STILSON 14""","Llave para tubo, Stilson 14"""
C168,3,PIEZA,EXTENSION ELECTRICA BLANCA 10 MTS,Extensión eléctrica blanca 10 m
C169,3,PIEZA,EXTENSION ELECTRICA BLANCA 5 MTS,Extensión eléctrica blanca 5 m
C170,3,PIEZA,BARRA MULTICONTACTO 6 ENTRADAS,Barra multicontacto 6 entradas
C171,3,PIEZA,PLACA C/ APAG. SENC. DE 3 MOD. LUCEK,Placa c/apag. senc. de 3 mod. Lucek
C172,3,PIEZA,PLACA C/2  APAG. SENC. DE 1 MOD. LUCEK,Placa c/2 apag. senc. de 1 mod. Lucek
C173,3,PIEZA,PLACA C/ 3 APAGADORES SENC 1 MOD LUCEK,Placa c/ 3 apagadores senc 1 mod Lucek
C174,3,PIEZA,PLACA C/CONTACTO DUPLEX LUCEK,Placa c/contacto duplex Lucek
C175,3,PIEZA,PLACA C/3 CONT..SENC. 1MOD. LUCEK,Placa c/3 cont..senc. 1MOD. Lucek
C176,3,PIEZA,PLACA C/APAG SENC Y CONT 1.5 MOD LUCEK,Placa c/apag senc y cont 1.5 mod Lucek
C177,3,PIEZA,"MAZO DE HULE 16 OZ, TRUPER","Mazo de hule 16 oz, Truper"
C178,3,PIEZA,"MARTILLO UÑA RECTA 16 OZ, MANGO DE MADERA, TRUPER","Martillo uña recta 16 oz, mango de madera, Truper"
C179,3,PIEZA,BOTA JARDINERO NO. 27,Bota jardinero núm. 27
C180,3,PIEZA,BOTA JARDINERO NO. 28,Bota jardinero núm. 28
C181,3,PIEZA,BOTA JARDINERO NO.29,Bota jardinero núm. 29
C182,3,PIEZA,"PINZA DE ELECTRICISTAS 8"" USO RUDO, COMFORT GRIP TRUPER","Pinza de electricistas 8"" uso rudo, Comfort Grip Truper"
C183,3,PIEZA,"PINZA PARA ELECTRICISTA 9 USO RUDO, MANGO PVC, TRUPER","Pinza para electricista 9 uso rudo, mango PVC, Truper"
C184,3,PIEZA,"PINZA MECANICA DE 8"" TRUPER","Pinza mecánica de 8"" Truper"
C185,3,PIEZA,"BROCA P/CONCRETO  A.V. 1/4"" X 6""","Broca para concreto A.V. 1/4"" x 6"""
C186,3,PIEZA,"BROCA P/CONCRETO  A.V. 5/16"" X 4"" Y 5""","Broca para concreto A.V. 5/16"" x 4"" y 5"""
C187,3,PIEZA,"BROCA P/CONCRETO  A.V. 3/8"" X 5"" Y 6""","Broca para concreto A.V. 3/8"" x 5"" y 6"""
C188,3,PIEZA,"BROCA P/CONCRETO  A.V. 1/2"" X 6""","Broca para concreto A.V. 1/2"" x 6"""
C189,3,PIEZA,"BROCA P/ACERO A.V. 1/4"" ZANCO RECTO","Broca para acero A.V. 1/4"" zanco recto"
C190,3,PIEZA,"BROCA P/ACERO A.V. 5/16"" ZANCO RECTO","Broca para acero A.V. 5/16"" zanco recto"
C191,3,PIEZA,"BROCA P/ACERO A.V. 3/8"" ZANCO RECTO","Broca para acero A.V. 3/8"" zanco recto"
C192,3,PIEZA,"TAQUETE EXPANSIVO Z DE 3/8"" S/TORNILLO","Taquete expansivo Z de 3/8"" s/tornillo"
C193,3,PIEZA,"TORNILLO HEXAGONAL 3/8"" X 2""","Tornillo hexagonal 3/8"" x 2"""
C194,3,PIEZA,"RONDANA PLANA GALVANIZADA 3/8"" (PZA)","Rondana plana galvanizada 3/8"" (pza)"
C195,3,PIEZA,"DESARMADOR PLANO DE 3/16"" X 6"" MANGO COMFORT GRIP","Desarmador plano de 3/16"" x 6"" mango Comfort Grip"
C196,3,PIEZA,"CINCEL DE PUNTA DE 13""","Cincel de punta de 13"""
C197,3,PIEZA,"CINCEL PLANO DE 12""","Cincel plano de 12"""
C198,3,PIEZA,"MARRO OCTAGONAL 4LB, FIBRA DE VIDRIO 14""","Marro octagonal 4 lb, fibra de vidrio 14"""
C199,3,PIEZA,"VARILLA COOPER 1/2"" X 1 MT","Varilla cooper 1/2"" x 1 m"
C200,3,PIEZA,CONECTOR COOPER W. P/ TIERRA FISICA,Conector cooper W. para tierra física
C201,3,PIEZA,CARTUCHO FUSIBLE 30 AMP GAMMA REFORZADO,Cartucho fusible 30 A Gamma reforzado
C202,3,PIEZA,LISTON FUSIBLE 30AMP,Listón fusible 30 A
C203,3,PIEZA,"TEE CPVC 3/4""","Tee CPVC 3/4"""
C204,3,PIEZA,"TEE CPVC 1/2""","Tee CPVC 1/2"""
C205,3,PIEZA,"TEE PVC HCO 1/2""","Tee PVC HCO 1/2"""
C206,3,PIEZA,"CODO 90° PVC HCO 3/4""","Codo 90° PVC HCO 3/4"""
C207,3,PIEZA,"CODO 90° PVC HCO 1/2""","Codo 90° PVC HCO 1/2"""
C208,3,PIEZA,"CODO 45° PVC HCO 3/4""","Codo 45° PVC HCO 3/4"""
C209,3,PIEZA,"CODO 45° PVC HCO 1/2""","Codo 45° PVC HCO 1/2"""
C210,3,PIEZA,"CODO CPVC 3/4"" X 90°","Codo CPVC 3/4"" x 90°"
C211,3,PIEZA,"CODO CPVC 3/4"" X 45°","Codo CPVC 3/4"" x 45°"
C212,3,PIEZA,"CODO CPVC 1/2"" X  90°","Codo CPVC 1/2"" x 90°"
C213,3,PIEZA,CODO CPVC 1/2 X 45°,Codo CPVC 1/2 x 45°
C214,3,PIEZA,"COPLE PVC HCO 3/4""","Cople PVC HCO 3/4"""
C215,3,PIEZA,"COPLE PVC HCO 1/2""","Cople PVC HCO 1/2"""
C216,3,PIEZA,"COPLE CPVC 3/4""","Cople CPVC 3/4"""
C217,3,PIEZA,"COPLE CPVC 1/2""","Cople CPVC 1/2"""
C218,3,PIEZA,"TUBO PVC HCO CEM CD40 DE 1/2"" TRMO DE 6.10 M","Tubo PVC HCO CEM CD40 de 1/2"" tramo de 6.10 m"
C219,3,PIEZA,"TUBO PVC HCO CEM CD40 DE 3/4"" TRMO DE 6.10 M","Tubo PVC HCO CEM CD40 de 3/4"" tramo de 6.10 m"
C220,3,PIEZA,"TUBO CPVC 1/2"" X 6 MT","Tubo CPVC 1/2"" x 6 m"
C221,3,PIEZA,"TUBO CPVC  3/4"" X 6 MT","Tubo CPVC 3/4"" x 6 m"
C222,4,PIEZA,"PANEL LED REDONDO. SOBREPONER, 18W. ARLITE","Panel LED redondo, sobreponer, 18 W Arlite"
C223,4,PIEZA,FOCO LED DOMESTICO A19 10W GEOPOWER,Foco LED doméstico A19 10 W Geopower
C224,4,PIEZA,SOCKET SENCILLO MCA YEILITE O IUSA 111,Socket sencillo Yeilite o IUSA 111
C225,4,PIEZA,CLAVIJA NEGRA 500 ROYER,Clavija negra 500 Royer
C226,4,PIEZA,CLAVIJA BLINDADA USO RUDO ATERRIZADA JT,Clavija blindada uso rudo aterrizada JT
C227,4,PIEZA,CHALUPA VERDE PVC ARGOS,Chalupa verde PVC Argos
C228,4,PIEZA,BOTE INTEGRAL PVC NEGRO 75 W 8 Y 10 CM C/TAPA,Bote integral PVC negro 75 W 8 y 10 cm c/tapa
C229,4,PIEZA,"TAPA CUADRADA PVC 3/4"" VERDE 4"" X 4"" TIPSA","Tapa cuadrada PVC 3/4"" verde 4"" x 4"" Tipsa"
C230,4,PIEZA,PEGAMENTO CPVC CONTAC 1/8 LTS,Pegamento CPVC Contac 1/8 L
C231,4,PIEZA,PEGAMENTO AZUL PVC CONTAC 1/8 LTS,Pegamento azul PVC Contac 1/8 L
C232,4,PIEZA,CUTTER PRETUL AMARILLO,Cutter Pretul amarillo
C233,4,PIEZA,CUTTER 18 MM REFORZADO TIPO NAVAJA TRUPER EXPERT,Cutter 18 mm reforzado tipo navaja Truper Expert
C234,4,PIEZA,GUIA PARA CABLE METALICA 30 M,Guía para cable metálica 30 m
C235,4,KILOGR,"CLAVO PARA CONCRETO 1""","Clavo para concreto 1"""
C236,4,KILOGR,"CLAVO PARA CONCRETO 1 1/2""","Clavo para concreto 1 1/2"""
C237,4,PIEZA,"CLAVO PARA CONCRETO 2""","Clavo para concreto 2"""
C238,4,PIEZA,"MENSULA BLANCA DE 8"" X 10""","Ménsula blanca de 8"" x 10"""
C239,4,PIEZA,"MENSULA BLANCA DE 8"" X 6""","Ménsula blanca de 8"" x 6"""
C240,4,PIEZA,"ESPATULA FLEXIBLE C/MANGO  4"" PRETUL","Espátula flexible c/mango 4"" Pretul"
C241,4,PIEZA,CINTA METRICA,Cinta métrica
C242,4,PIEZA,QUINTA TERMINAL,Quinta terminal
C243,4,PIEZA,"ABRAZADERA OMEGA GALV. 1/2""","Abrazadera omega galv. 1/2"""
C244,4,PIEZA,"ABRAZADERA OMEGA GALV. 3/4""","Abrazadera omega galv. 3/4"""
C245,4,PIEZA,"ABRAZADERA OMEGA GALV. 11/2""","Abrazadera omega galv. 1 1/2"""
C246,4,PIEZA,LLAVE DE NARIZ 1/2  DICA ECO. 4119C,Llave de nariz 1/2 Dica Eco. 4119C
C247,4,PIEZA,"VALVULA DE ESFERA ROSCABLE 1/2"" DICA 3550C13","Válvula de esfera roscable 1/2"" Dica 3550C13"
C248,4,PIEZA,"VALVULA DE ESFERA ROSCABLE 3/4"" DICA 3550C19","Válvula de esfera roscable 3/4"" Dica 3550C19"
C249,4,PIEZA,LLAVE ANGULAR DICA 3401SC,Llave angular Dica 3401SC
C250,4,PIEZA,MANGUERA P/LAVABO 1/2 X 1/2 X 40 MCA COFLEX/PLAS,Manguera para lavabo 1/2 x 1/2 x 40 Coflex/Plas
C251,4,PIEZA,MANGUERA P/FREGADERO 1/2 X 1/2 X 55 MCA COFLEX/PLAS,Manguera para fregadero 1/2 x 1/2 x 55 Coflex/Plas
C252,4,PIEZA,"TUBO PLUS CLASE 16- 20 MM 1/2""","Tubo Plus clase 16-20 mm 1/2"""
C253,4,PIEZA,"TUBO PLUS CLASE 16-25 MM  3/4""","Tubo Plus clase 16-25 mm 3/4"""
C254,4,PIEZA,BASE DE MEDIDOR BIF. 5TA TERMINAL IUSA,Base de medidor bif. 5ta terminal IUSA
C255,4,PIEZA,LLAVE DE NARIZ 1/4 VUELTA MUELLER,Llave de nariz 1/4 vuelta Mueller
C256,4,PIEZA,TANQUE CERAMICO BLANCO 4.8L,Tanque cerámico blanco 4.8 L
C257,4,PIEZA,"TAZA REDONDA CERAMICA BLANCA DE 3"" DESCARGA","Taza redonda cerámica blanca de 3"" descarga"
C258,4,PIEZA,"MANGUERA P/ WC 1/2 "" X 7/8""X 50 CM MCACOFLEX / PLAS","Manguera para WC 1/2"" x 7/8"" x 50 cm Coflex / Plas"
C259,4,PIEZA,"CONECTOR PVC HCO MACHO 1/2""","Conector PVC HCO macho 1/2"""
C260,4,PIEZA,"CONECTOR PVC HCO MACHO 3/4""","Conector PVC HCO macho 3/4"""
C261,4,PIEZA,"CONECTOR PVC HCO HEMBRA 1/2""","Conector PVC HCO hembra 1/2"""
C262,4,PIEZA,"CONECTOR PVC HCO HEMBRA  3/4""","Conector PVC HCO hembra 3/4"""
C263,4,PIEZA,"CONECTOR CPVC MACHO 1/2""","Conector CPVC macho 1/2"""
C264,4,PIEZA,"CONECTOR CPVC MACHO 3/4""","Conector CPVC macho 3/4"""
C265,4,PIEZA,"CONECTOR CPVC HEMBRA 1/2""","Conector CPVC hembra 1/2"""
C266,4,PIEZA,"CONECTOR CPVC HEMBRA 3/4""","Conector CPVC hembra 3/4"""
C267,4,PIEZA,"CORTADOR DE TUBO DE HASTA 1 - 5/8"" TRUPER","Cortador de tubo de hasta 1-5/8"" Truper"
C268,4,PIEZA,"TEE PVC HCO 3/4 ""","Tee PVC HCO 3/4"""
C269,4,PIEZA,SELLADOR DEL TORO 18 KG,Sellador Del Toro 18 kg
C270,4,PIEZA,CUBETA DE IMPERSIKA PLUS BLANCO 5 AÑOS,Cubeta de Impersika Plus blanco 5 años
C271,4,PIEZA,"CARRETILLA 5 FT, LLANTA IMPONCHABLE, TRUPER","Carretilla 5 FT, llanta imponchable, Truper"
C272,4,PIEZA,"ASIENTO REDONDO P/WC, BLANCO","Asiento redondo para WC, blanco"
